CREATE DATABASE  IF NOT EXISTS `personalcontactmanager` /*!40100 DEFAULT CHARACTER SET utf8mb4 COLLATE utf8mb4_0900_ai_ci */ /*!80016 DEFAULT ENCRYPTION='N' */;
USE `personalcontactmanager`;
-- MySQL dump 10.13  Distrib 8.0.33, for Win64 (x86_64)
--
-- Host: localhost    Database: personalcontactmanager
-- ------------------------------------------------------
-- Server version	8.0.33

/*!40101 SET @OLD_CHARACTER_SET_CLIENT=@@CHARACTER_SET_CLIENT */;
/*!40101 SET @OLD_CHARACTER_SET_RESULTS=@@CHARACTER_SET_RESULTS */;
/*!40101 SET @OLD_COLLATION_CONNECTION=@@COLLATION_CONNECTION */;
/*!50503 SET NAMES utf8 */;
/*!40103 SET @OLD_TIME_ZONE=@@TIME_ZONE */;
/*!40103 SET TIME_ZONE='+00:00' */;
/*!40014 SET @OLD_UNIQUE_CHECKS=@@UNIQUE_CHECKS, UNIQUE_CHECKS=0 */;
/*!40014 SET @OLD_FOREIGN_KEY_CHECKS=@@FOREIGN_KEY_CHECKS, FOREIGN_KEY_CHECKS=0 */;
/*!40101 SET @OLD_SQL_MODE=@@SQL_MODE, SQL_MODE='NO_AUTO_VALUE_ON_ZERO' */;
/*!40111 SET @OLD_SQL_NOTES=@@SQL_NOTES, SQL_NOTES=0 */;

--
-- Table structure for table `contacts`
--

DROP TABLE IF EXISTS `contacts`;
/*!40101 SET @saved_cs_client     = @@character_set_client */;
/*!50503 SET character_set_client = utf8mb4 */;
CREATE TABLE `contacts` (
  `contact_id` int NOT NULL AUTO_INCREMENT,
  `name` varchar(255) DEFAULT NULL,
  `nick_name` varchar(255) DEFAULT NULL,
  `work` varchar(255) DEFAULT NULL,
  `email` varchar(100) DEFAULT NULL,
  `phone` varchar(255) DEFAULT NULL,
  `image` varchar(255) DEFAULT NULL,
  `description` text,
  `user_id` int DEFAULT NULL,
  PRIMARY KEY (`contact_id`),
  KEY `user_id` (`user_id`),
  CONSTRAINT `contacts_ibfk_1` FOREIGN KEY (`user_id`) REFERENCES `users` (`user_id`)
) ENGINE=InnoDB AUTO_INCREMENT=238 DEFAULT CHARSET=utf8mb4 COLLATE=utf8mb4_0900_ai_ci;
/*!40101 SET character_set_client = @saved_cs_client */;

--
-- Dumping data for table `contacts`
--

LOCK TABLES `contacts` WRITE;
/*!40000 ALTER TABLE `contacts` DISABLE KEYS */;
INSERT INTO `contacts` VALUES (1,'Andreas Papadopoulos','Andy','Software Engineer','andreas.papadopoulos@example.com','6941234561','mike.jpg','<p>Expert in Java and Spring Boot.</p>',1),(2,'Maria Georgiou','Mary','Graphic Designer','maria.georgiou@gmail.com','6941234562','images.jpg','<p>Specializes in web design and branding.</p>',1),(3,'Dimitris Kotsis','Dimi','Data Analyst','dimitris.kotsis@hotmail.com','6941234563','mix.jpg','<p>Experienced in data mining and visualization</p>',1),(4,'Eleni Papagiannopoulou','El','HR Manager','eleni.papagiannopoulou@hotmail.com','6941234564','mixalis.jpg','<p>Focuses on employee</p>',1),(5,'Giorgos Nikolaidis','Nick','Project Manager','giorgos.nikolaidis@example.com','6941234565','default.webp','<p>Skilled in agile methodologies and team leadership.</p>',1),(6,'Vasilis Karakostas','Bill','Network Engineer','vasilis.karakostas@gmail.com','6941234566','default.webp','<p>Expert in network infrastructure</p>',1),(7,'Ioanna Douka','Jo','Marketing Specialist','ioanna.douka@example.com','6941234567','default.webp','<p>Focuses on digital marketing and SEO strategies.</p>',1),(8,'Nikos Vasileiou','Niko','Business Analyst','nikos.vasileiou@example.com','6941234568','default.webp','<p>Experienced in business process improvement.</p>',1),(9,'Maria Ioannou','Mia','Content Writer','maria.ioannou@example.com','6941234569','default.webp','<p>Writes engaging articles and blog posts.</p>',1),(10,'Giorgos Athanasopoulos','George','IT Consultant','giorgos.athanasopoulos@example.com','6941234570','default.webp','<p>Specializes in cloud computing and virtualization.</p>',1),(11,'Christos Papadakis','Chris','DevOps Engineer','christos.papadakis@hotmail.com','6941234571','default.webp','<p>Expert in CI/CD pipelines and cloud infrastructure</p>',1),(12,'Eleni Konstantinou','Elly','Product Manager','eleni.konstantinou@gmail.com','6941234572','default.webp','<p>Skilled in product development and market research.</p>',1),(13,'Nikos Theodorou','Theo','Front-end Developer','nikos.theodorou@example.com','6941234573','default.webp','<p>Specializes in React and modern web technologies.</p>',1),(14,'Maria Antoniou','Maro','UX/UI Designer','maria.antoniou@example.com','6941234574','default.webp','<p>Focuses on user-centered design and usability testing.</p>',1),(15,'Giorgos Papanikitas','Giorgos','Software Architect','giorgos.papanikitas@example.com','6941234575','default.webp','<p>Experienced in designing scalable and resilient software systems.</p>',1),(52,'Alexia Angelidi','Alexia','Software Developer','alexangelidi2017@hotmail.com','6941234586','mix.jpg','<p>Specializes in back-end development using Java</p>',2),(53,'Ioanna Petridou','Ioanna','Graphic Designer','ioanna.petridou@example.com','6941234587','image.jpg','<p>Creates visually appealing graphics for web</p>',2),(54,'Giorgos Karagiannis','Giorgos','IT Consultant','giorgos.karagiannis@gmail.com','6941234590','images.jpg','<p>Provides IT solutions and consultancy services.</p>',2),(55,'Dimitris Pappas','Dimitris','Systems Engineer','dimitris.pappas@hotmail.com','6941234592','mixal.jpg','<p>Designs and implements complex IT systems.</p>',2),(56,'Maria Kokkinou','Maria','Content Writer','maria.kokkinou@hotmail.com','6941234593','default.webp','<p>Writes engaging and informative content for various platforms.</p>',2),(57,'Nikos Kaloudis','Nikos','Network Administrator','nikos.kaloudis@gmail.com','6941234594','default.webp','<p>Manages network infrastructure and security.</p>',2),(58,'Sofia Papageorgiou','Sofia','Digital Marketer','sofia.papageorgiou@gmail.com','6941234597','mix.jpg','<p>Focuses on online marketing and Digital strategist.</p>',2),(59,'Dimitris Anagnostou','Dimitris','System Administrator','dimitris.anagnostou@hotmail.com','6941234598','default.webp','<p>Manages servers and network infrastructure.</p>',2),(60,'Maria Kalogeropoulou','Maria','HR Consultant','maria.kalogeropoulou@hotmail.com','6941234599','default.webp','<p>Provides human resources consulting services.</p>',2),(61,'Eleni Mantzou','Eleni','UX Researcher','eleni.mantzou@gmail.com','6941234601','default.webp','<p>Conducts user research to improve product design.</p>',2),(62,'Nikos Triantafyllidis','Nikos','Software Tester','nikos.triantafyllidis@gmail.com','6941234602','default.webp','<p>Performs software testing and quality assurance.</p>',2),(63,'Eleni Papageorgiou','Eleni','Marketing Manager','eleni.papageorgiou@gmail.com','6941234617','default.webp','<p>Develops and oversees marketing strategies.</p>',2),(64,'Nikos Panagiotopoulos','Nikos','Software Developer','nikos.panagiotopoulos@example.com','6941234618','default.webp','<p>Specializes in web development using JavaScript</p>',2),(65,'Maria Theodorou','Maria','Human Resources Manager','maria.theodorou@gmail.com','6941234619','default.webp','<p>Focuses on employee relations and development.</p>',2),(66,'Giorgos Koutsou','Giorgos','Data Analyst','giorgos.koutsou@hotmail.com','6941234620','default.webp','<p>Expert in data analysis and visualization techniques.</p>',2),(67,'Giorgos Triantafyllou','Giorgos','Graphic Designer','giorgos.triantafyllou@gmail.com','6941234624','default.webp','<p>Creates visual content for digital and print media.</p>',2),(68,'Eleni Papadakis','Eleni','Content Writer','eleni.papadakis@gmail.com','6941234625','default.webp','<p>Writes and edits content for various platforms.</p>',2),(69,'Nikos Mavropoulos','Nikos','Cloud Solutions Architect','nikos.mavropoulos@gmail.com','6941234646','default.webp','<p>Designs and implements cloud-based solutions.</p>',2),(70,'Eleni Korres','Eleni','Digital Marketing Analyst','eleni.korres@gmail.com','6941234649','default.webp','<p>Analyzes digital marketing</p>',2),(71,'Nikos Papoutsis','Nikos','Software Tester','nikos.papoutsis@example.com','6941234650','default.webp','<p>Tests software applications to identify and fix bugs.</p>',2),(72,'Maria Giannopoulou','Maria','Business Development Manager','maria.giannopoulou@example.com','6941234662','default.webp','<p>Focuses on business growth and client relationships.</p>',2),(73,'Giorgos Dimopoulos','Giorgos','Data Engineer','giorgos.dimopoulos@example.com','6941234663','default.webp','<p>Specializes in data processing and big data technologies.</p>',2),(74,'Eleni Skourti','Eleni','Project Coordinator','eleni.skourti@example.com','6941234664','default.webp','<p>Coordinates project activities and schedules.</p>',7),(75,'Nikos Oikonomou','Nikos','Quality Assurance Engineer','nikos.oikonomou@example.com','6941234665','default.webp','<p>Ensures product quality through rigorous testing.</p>',7),(76,'Eleni Xanthou','Eleni','Social Media Manager','eleni.xanthou@example.com','6941234667','default.webp','<p>Manages social media campaigns and content.</p>',7),(77,'Nikos Vassiliadis','Nikos','Software Tester','nikos.vassiliadis@example.com','6941234668','default.webp','<p>Tests software applications to ensure quality.</p>',7),(78,'Giorgos Athanasiou','Giorgos','IT Consultant','giorgos.athanasiou@example.com','6941234670','default.webp','<p>Provides expert advice on IT systems and solutions.</p>',7),(79,'Christos Nikolopoulos','Christos','Systems Engineer','christos.nikolopoulos@example.com','6941234674','default.webp','<p>Designs and implements IT systems and infrastructure.</p>',10),(80,'Anna Papadimitriou','Anna','Content Writer','anna.papadimitriou@example.com','6941234675','default.webp','<p>Writes engaging content for blogs and websites.</p>',10),(81,'Dimitris Papagiannopoulos','Dimitris','Cybersecurity Analyst','dimitris.papagiannopoulos@example.com','6941234676','default.webp','<p>Protects systems from cyber threats and vulnerabilities.</p>',10),(82,'Eleni Mitropoulou','Eleni','Digital Marketer','eleni.mitropoulou@example.com','6941234677','default.webp','<p>Develops and executes online marketing campaigns.</p>',10),(83,'Nikos Zervas','Nikos','Network Engineer','nikos.zervas@example.com','6941234678','default.webp','<p>Designs and manages network systems and infrastructure.</p>',10),(84,'Maria Kotsou','Maria','Product Manager','maria.kotsou@example.com','6941234679','default.webp','<p>Oversees product development and lifecycle management.</p>',10),(85,'Giorgos Stefanou','Giorgos','Graphic Designer','giorgos.stefanou@example.com','6941234680','default.webp','<p>Creates visual content for marketing and branding.</p>',10),(86,'Eleni Koukidou','Eleni','Business Analyst','eleni.koukidou@example.com','6941234681','default.webp','<p>Analyzes business processes and recommends improvements.</p>',10),(87,'Nikos Anastasakis','Nikos','Data Analyst','nikos.anastasakis@example.com','6941234688','default.webp','<p>Analyzes data to provide business insights and solutions.</p>',10),(88,'Maria Petrou','Maria','HR Manager','maria.petrou@example.com','6941234689','default.webp','<p>Manages recruitment, employee relations, and development.</p>',10),(89,'Maria Antoniou','Maria','Cloud Solutions Architect','maria.antoniou@example.com','6941234693','default.webp','<p>Designs and implements cloud infrastructure solutions.</p>',9),(90,'Andreas Vasilakis','Andreas','Cybersecurity Specialist','andreas.vasilakis@example.com','6941234694','default.webp','<p>Protects organizations from cyber threats and attacks.</p>',9),(91,'Eleni Pateraki','Eleni','DevOps Engineer','eleni.pateraki@example.com','6941234695','default.webp','<p>Implements and manages CI/CD pipelines and cloud</p>',9),(92,'Nikos Petropoulos','Nikos','Data Scientist','nikos.petropoulos@example.com','6941234696','default.webp','<p>Analyzes and interprets complex data to provide insights.</p>',9),(93,'Maria Alexiou','Maria','Full Stack Developer','maria.alexiou@example.com','6941234697','default.webp','<p>Develops both front-end and back-end of web applications.</p>',9),(94,'Giorgos Charalampidis','Giorgos','Machine Learning Engineer','giorgos.charalampidis@example.com','6941234698','default.webp','<p>Develops machine learning models and algorithms.</p>',9),(95,'Maria Zouganelis','Maria','Art Director','maria.zouganelis@example.com','6941234711','default.webp','<p>Oversees visual aspects of advertising and media campaigns.</p>',11),(96,'Giorgos Drakos','Giorgos','Biomedical Engineer','giorgos.drakos@example.com','6941234712','default.webp','<p>Designs and develops medical devices and equipment.</p>',11),(97,'Eleni Fotopoulos','Eleni','Environmental Scientist','eleni.fotopoulos@example.com','6941234713','default.webp','<p>Researches and develops solutions to environmental problems.</p>',11),(98,'Nikos Zarifis','Nikos','Aerospace Engineer','nikos.zarifis@example.com','6941234714','default.webp','<p>Designs and tests aircraft and spacecraft systems.</p>',11),(99,'Giorgos Diamantis','Giorgos','Chemist','giorgos.diamantis@example.com','6941234730','default.webp','<p>Conducts research and experiments to understand substances\' properties and behaviors.</p>',11),(100,'Eleni Sarantopoulos','Eleni','Librarian','eleni.sarantopoulos@example.com','6941234731','default.webp','<p>Manages library resources and helps people find information.</p>',11),(102,'Maria Karanikou','Maria','DevOps Engineer','maria.karanikou@example.com','6941234742','default.webp','<p>Implements CI/CD pipelines and automates infrastructure.</p>',12),(103,'Giorgos Tsakiris','Giorgos','Front-end Developer','giorgos.tsakiris@example.com','6941234743','default.webp','<p>Specializes in creating responsive web applications.</p>',12),(104,'Eleni Triantafyllou','Eleni','Database Administrator','eleni.triantafyllou@example.com','6941234744','default.webp','<p>Manages and optimizes database systems.</p>',12),(105,'Nikos Andreadis','Nikos','IT Support Specialist','nikos.andreadis@example.com','6941234745','default.webp','<p>Provides technical support and resolves IT issues.</p>',12),(106,'Maria Papakonstantinou','Maria','UX/UI Designer','maria.papakonstantinou@example.com','6941234746','default.webp','<p>Designs user interfaces and enhances user experience.</p>',12),(107,'Giorgos Kallias','Giorgos ','Systems Analyst','giorgos.kallias@example.com','6941234747','default.webp','<p>Analyzes and improves IT systems and workflows.</p>',12),(108,'Eleni Makridou','Eleni','Full Stack Developer','eleni.makridou@example.com','6941234748','default.webp','<p>Develops both front-end and back-end web applications.</p>',12),(109,'Nikos Kouris','Nikos','Mobile App Developer','nikos.kouris@example.com','6941234749','default.webp','<p>Creates applications for iOS and Android platforms.</p>',12),(110,'Maria Vlahou','Maria','Business Intelligence Analyst','maria.vlahou@example.com','6941234750','default.webp','<p>Analyzes business data to inform strategic decisions.</p>',12),(111,'Andreas Papagiannis','Andreas','Cybersecurity Consultant','andreas.papagiannis@example.com','6941234751','default.webp','<p>Provides consultancy services for enhancing cybersecurity measures.</p>',12),(112,'Eleni Kalogeropoulou','Eleni','Data Engineer','eleni.kalogeropoulou@example.com','6941234752','default.webp','<p>Designs and manages data pipelines and ETL processes.</p>',12),(113,'Nikos Karalis','Nikos','Systems Architect','nikos.karalis@example.com','6941234753','default.webp','<p>Develops high-level designs and frameworks for complex IT systems.</p>',12),(114,'Maria Stefanidis','Maria','Machine Learning Engineer','maria.stefanidis@example.com','6941234754','default.webp','<p>Develops and implements machine learning models.</p>',12),(152,'Eleni Vrettou','Eleni','Software Tester','eleni.vrettou@example.com','6941234756','default.webp','<p>Tests software applications to ensure quality and performance.</p>',5),(153,'Nikos Karatzas','Nikos','Cloud Architect','nikos.karatzas@example.com','6941234757','default.webp','<p>Designs and implements cloud-based infrastructure and services.</p>',5),(154,'Maria Pantazopoulou','Maria','DevOps Manager','maria.pantazopoulou@example.com','6941234758','default.webp','<p>Manages DevOps processes and teams to streamline development and operations.</p>',5),(155,'Giorgos Mitsopoulos','Giorgos','Network Security Engineer','giorgos.mitsopoulos@example.com','6941234759','default.webp','',5),(156,'Eleni Papageorgiou','Eleni','Business Systems Analyst','eleni.papageorgiou@example.com','6941234760','default.webp','<p>Analyzes business processes and systems to improve efficiency.</p>',5),(157,'Andreas Vasilopoulos','Andreas','Full Stack Developer','andreas.vasilopoulos@example.com','6941234761','default.webp','<p>Develops both client-side and server-side software.</p>',5),(158,'Eleni Koutsou','Eleni','Data Scientist','eleni.koutsou@example.com','6941234762','default.webp','<p>Uses data to build predictive models and inform decision-making.</p>',5),(159,'Nikos Chatzis','Nikos','Network Administrator','nikos.chatzis@example.com','6941234763','default.webp','<p>Manages and troubleshoots network infrastructure.</p>',5),(160,'Maria Anagnostou','Maria','Software Developer','maria.anagnostou@example.com','6941234764','default.webp','<p>Writes and maintains code for software applications.</p>',5),(161,'Giorgos Papadakis','Giorgos','IT Support Specialist','giorgos.papadakis@example.com','6941234765','default.webp','<p>Provides technical support and resolves IT issues for users.</p>',5),(162,'Eleni Christou','Eleni','Front-end Developer','eleni.christou@example.com','6941234766','default.webp','<p>Specializes in developing the user interface of applications.</p>',5),(202,'Andreas Pavlidis','Andreas','Software Engineer','andreas.pavlidis@example.com','6941234777','default.webp','<p>Develops and maintains software applications.</p>',1),(203,'Eleni Alexandrou','Eleni','Front-end Developer','eleni.alexandrou@gmail.com','6941234778','default.webp','<p>Creates interactive user interfaces for web applications.</p>',1),(204,'Nikos Kourkoulis','Nikos','Systems Administrator','nikos.kourkoulis@hotmail.com','6941234779','default.webp','<p>Manages and maintains IT systems and infrastructure.</p>',1),(205,'Maria Vasilakou','Maria','Data Analyst','maria.vasilakou@gmail.com','6941234780','default.webp','<p>Analyzes data to provide insights and support decision-making.</p>',1),(206,'Giorgos Tsitsanis','Giorgos','Cybersecurity Specialist','giorgos.tsitsanis@example.com','6941234781','default.webp','<p>Protects IT systems from cyber threats and vulnerabilities.</p>',1),(207,'Eleni Papachristou','Eleni','DevOps Engineer','eleni.papachristou@example.com','6941234782','default.webp','<p>Automates software development and deployment processes.</p>',1),(208,'Maria Alexiou','Maria','Software Tester','maria.alexiou@hotmail.com','6941234784','default.webp','<p>Conducts testing to ensure software quality and reliability.</p>',1),(209,'Nikos Papagiannopoulos','Nikos','Network Engineer','nikos.papagiannopoulos@gmail.com','6941234787','default.webp','<p>Implements and manages network infrastructure.</p>',1),(210,'Nikos Papagiannopoulos','Nikos','Network Engineer','nikos.papagiannopoulos@example.com','6941234787','default.webp','<p>Implements and manages network infrastructure.</p>',2),(211,'Maria Kalogerou','Maria','Systems Analyst','maria.kalogerou@example.com','6941234788','default.webp','<p>Analyzes and improves IT systems and processes.</p>',2),(212,'Giorgos Lazaridis','Giorgos','Software Developer','giorgos.lazaridis@example.com','6941234789','default.webp','<p>Develops software applications and solutions.</p>',2),(213,'Eleni Sotiropoulou','Eleni','IT Project Manager','eleni.sotiropoulou@example.com','6941234790','default.webp','<p>Manages IT projects from planning to execution.</p>',2),(214,'Nikos Tzortzis','Nikos','Business Analyst','nikos.tzortzis@gmail.com','6941234791','default.webp','<p>Analyzes business requirements and develops solutions.</p>',2),(215,'Maria Giannopoulou','Maria','UX Designer','maria.giannopoulou@hotmail.com','6941234792','default.webp','<p>Designs user-friendly interfaces and experiences.</p>',2),(216,'Andreas Vrontis','Andreas','IT Consultant','andreas.vrontis@gmail.com','6941234793','default.webp','<p>Provides expert advice on IT infrastructure and solutions.</p>',2),(217,'Eleni Nikolaidi','Eleni','Cybersecurity Specialist','eleni.nikolaidi@example.com','6941234794','default.webp','<p>Protects IT systems from cyber threats and vulnerabilities.</p>',2),(218,'Nikos Koutlis','Nikos','Network Engineer','nikos.koutlis@example.com','6941234795','default.webp','<p>Designs and manages network infrastructure.</p>',2),(219,'Maria Georgiou','Maria','Data Analyst','maria.georgiou@example.com','6941234796','default.webp','<p>Analyzes complex data sets to drive business insights.</p>',2),(220,'Giorgos Papas','Giorgos','Software Developer','giorgos.papas@example.com','6941234797','default.webp','<p>Writes and maintains code for software applications.</p>',2),(221,'Eleni Vassiliou','Eleni','Systems Analyst','eleni.vassiliou@example.com','6941234798','default.webp','<p>Analyzes and improves IT systems and workflows.</p>',2),(222,'Nikos Michalopoulos','Nikos','Cloud Solutions Engineer','nikos.michalopoulos@example.com','6941234799','default.webp','<p>Develops and maintains cloud infrastructure.</p>',2),(223,'Maria Panagiotopoulou','Maria','DevOps Engineer','maria.panagiotopoulou@example.com','6941234800','default.webp','<p>Implements CI/CD pipelines and automates infrastructure.</p>',3),(224,'Giorgos Anagnostou','Giorgos','IT Support Specialist','giorgos.anagnostou@example.com','6941234801','default.webp','<p>Provides technical support and resolves IT issues for users.</p>',3),(225,'Eleni Tsarouhas','Eleni','Database Administrator','eleni.tsarouhas@example.com','6941234802','default.webp','<p>Manages and optimizes database systems.</p>',3),(226,'Nikos Alexiou','Nikos','Front-end Developer','nikos.alexiou@example.com','6941234803','default.webp','<p>Specializes in developing the user interface of applications.</p>',3),(227,'Maria Stefanidi','Maria','Software Tester','maria.stefanidi@example.com','6941234804','default.webp','<p>Tests software applications to ensure quality and performance.</p>',3),(228,'Giorgos Papadopoulos','Giorgos','Full Stack Developer','giorgos.papadopoulos@example.com','6941234805','default.webp','<p>Develops both client-side and server-side software.</p>',3),(229,'Eleni Kostopoulos','Eleni','UX/UI Designer','eleni.kostopoulos@example.com','6941234806','default.webp','<p>UX/UI Designer</p>',3),(230,'Nikos Georgiadis','Nikos','IT Project Manager','nikos.georgiadis@example.com','6941234807','default.webp','<p>Manages IT projects from initiation to completion.</p>',3),(231,'Maria Karagianni','Maria','Business Intelligence Analyst','maria.karagianni@example.com','6941234808','default.webp','<p>Analyzes business data to inform strategic decisions.</p>',3),(232,'Giorgos Kotsis','Giorgos','Cloud Solutions Architect','giorgos.kotsis@example.com','6941234809','default.webp','<p>Designs and implements cloud-based infrastructure and services.</p>',3),(233,'Eleni Anagnostopoulou','Eleni','Cybersecurity Consultant','eleni.anagnostopoulou@example.com','6941234810','default.webp','<p>Provides consultancy services for enhancing cybersecurity measures.</p>',3),(234,'Giorgos Liakos','Giorgos','IT Support Specialist','giorgos.liakos@example.com','6941234815','default.webp','<p>Provides technical support and resolves IT issues for users.</p>',1),(235,'Eleni Dimitriou','Eleni','Cybersecurity Analyst','eleni.dimitriou@example.com','6941234816','default.webp','<p>Monitors and protects against security threats.</p>',1),(236,'Nikos Alexiadis','Nikos','Cloud Engineer','nikos.alexiadis@example.com','6941234817','default.webp','<p>Designs and manages cloud infrastructure and services.</p>',1),(237,'Maria Papagiannis','Maria','Software Tester','maria.papagiannis@example.com','6941234818','default.webp','<p>Conducts testing to ensure software quality and reliability.</p>',1);
/*!40000 ALTER TABLE `contacts` ENABLE KEYS */;
UNLOCK TABLES;

--
-- Table structure for table `contacts_seq`
--

DROP TABLE IF EXISTS `contacts_seq`;
/*!40101 SET @saved_cs_client     = @@character_set_client */;
/*!50503 SET character_set_client = utf8mb4 */;
CREATE TABLE `contacts_seq` (
  `next_val` bigint DEFAULT NULL
) ENGINE=InnoDB DEFAULT CHARSET=utf8mb4 COLLATE=utf8mb4_0900_ai_ci;
/*!40101 SET character_set_client = @saved_cs_client */;

--
-- Dumping data for table `contacts_seq`
--

LOCK TABLES `contacts_seq` WRITE;
/*!40000 ALTER TABLE `contacts_seq` DISABLE KEYS */;
INSERT INTO `contacts_seq` VALUES (301);
/*!40000 ALTER TABLE `contacts_seq` ENABLE KEYS */;
UNLOCK TABLES;

--
-- Table structure for table `events`
--

DROP TABLE IF EXISTS `events`;
/*!40101 SET @saved_cs_client     = @@character_set_client */;
/*!50503 SET character_set_client = utf8mb4 */;
CREATE TABLE `events` (
  `id` bigint NOT NULL AUTO_INCREMENT,
  `title` varchar(255) NOT NULL,
  `start` datetime DEFAULT NULL,
  `note` text,
  `user_id` int DEFAULT NULL,
  `contact_id` int DEFAULT NULL,
  PRIMARY KEY (`id`),
  KEY `user_id` (`user_id`),
  KEY `contact_id` (`contact_id`),
  CONSTRAINT `events_ibfk_1` FOREIGN KEY (`user_id`) REFERENCES `users` (`user_id`),
  CONSTRAINT `events_ibfk_2` FOREIGN KEY (`contact_id`) REFERENCES `contacts` (`contact_id`)
) ENGINE=InnoDB AUTO_INCREMENT=303 DEFAULT CHARSET=utf8mb4 COLLATE=utf8mb4_0900_ai_ci;
/*!40101 SET character_set_client = @saved_cs_client */;

--
-- Dumping data for table `events`
--

LOCK TABLES `events` WRITE;
/*!40000 ALTER TABLE `events` DISABLE KEYS */;
INSERT INTO `events` VALUES (1,'Meeting with Team','2024-06-27 01:01:00','Discuss project milestones and deadlines.',7,74),(2,'Marketing Strategy Meeting','2024-07-03 17:07:00','Planning the marketing strategy for the next quarter.',7,78),(3,'Budget Review','2024-06-25 01:12:00','Reviewing the project\'s budget and expenses.',10,88),(4,'Feedback Session','2024-06-29 18:18:00','Gathering feedback from team members on the current project.',10,80),(5,'Code Review Session','2024-07-07 22:18:00','Reviewing the latest code commits and discussing improvements.',10,83),(6,'Annual General Meeting','2024-07-11 18:31:00','Annual meeting with all stakeholders to discuss company performance.',9,93),(7,'Training Workshop','2024-07-04 01:26:00','Training Workshop',9,92),(8,'Social Media Campaign Review','2024-08-01 01:26:00','Reviewing the performance of the latest social media campaigns.',9,94),(9,'Fundraising Gala','2024-06-22 22:39:00','Annual gala event for fundraising purposes.\n',11,97),(10,'Design Review','2024-08-27 01:39:00','Conducting an internal audit of company processes.',11,98),(52,'Innovation Brainstorming Session','2024-06-29 19:20:00','Creative brainstorming session for new product ideas.',12,111),(53,'Legal Compliance Review','2024-07-07 02:20:00','Reviewing the company\'s compliance with legal requirements.',12,103),(54,'Cultural Diversity Training','2024-07-02 02:20:00','Training session on cultural diversity and inclusion.',12,107),(55,'Monthly Financial Review','2024-07-06 19:20:00','Reviewing the monthly financial statements and performance.',12,105),(56,'Office Renovation Planning','2024-07-28 20:27:00','Planning the upcoming office renovation.\n',12,104),(57,'Charity Fundraiser','2024-10-16 20:27:00','Organizing a charity event to raise funds for a good cause.',12,110),(102,'Coffee with Friend','2024-06-26 13:44:00','Catching up with an old friend.',5,154),(103,'Real Estate Agent Meeting','2024-08-07 03:44:00','Viewing potential new homes.',5,153),(104,'Networking Breakfast','2024-07-24 19:49:00','Breakfast with industry peers for networking.',5,152),(105,'Job Interview','2024-08-19 18:49:00','Interview for a new position.',5,155),(106,'Social Media Strategy Session','2024-07-26 19:50:00','Planning the social media strategy for the next quarter.',5,158),(152,'Code Refactoring Session','2024-07-04 16:08:00','Improving the structure of existing code without changing its functionality.',3,227),(153,'API Integration Meeting','2024-07-28 18:11:00','Discussing the integration of a new API into the system.',3,230),(154,'Debugging Workshop','2024-10-16 22:09:00','Collaborative session to identify and fix bugs in the code.',3,233),(155,' Code Review Meeting','2024-07-12 17:09:00','Reviewing recent code changes and providing feedback.',3,225),(156,'Sprint Planning','2024-07-04 18:12:00','Planning the tasks and goals for the next development sprint.',3,226),(157,'Git Workshop','2024-08-14 16:09:00','Training session on advanced Git techniques and workflows.',3,229),(158,'Pair Programming Session','2024-07-29 17:11:00','Working together with a colleague on a coding task.',3,233),(159,'Continuous Integration Setup','2024-09-25 15:07:00','Setting up continuous integration for automated testing.',3,232),(160,'Code Sprint Demo','2024-06-25 16:15:00','Demonstrating the features developed during the sprint.',1,4),(161,'DevOps Training','2024-06-28 15:15:00','Comprehensive training on DevOps practices and tools.',1,237),(162,'Cloud Deployment Workshop','2024-06-29 14:13:00','Hands-on workshop on deploying applications to the cloud.',1,10),(163,'UX/UI Design Review','2024-06-29 16:15:00','Reviewing the user experience and interface design.',1,206),(164,'Agile Retrospective','2024-06-29 20:16:00','Reflecting on the last sprint and discussing improvements.',1,208),(165,'Hackathon Preparation','2024-07-03 16:16:00','Preparing for the upcoming company hackathon.',1,235),(166,'Mobile App Development','2024-06-24 16:15:00','Discussing new features for the mobile application.',1,2),(167,'Data Privacy Meeting','2024-07-08 13:13:00','Ensuring compliance with data privacy regulations.',1,3),(168,'Open Source Contribution','2024-07-19 16:17:00','Contributing to an open source project.',1,14),(169,'Performance Tuning Session','2024-08-13 11:19:00','Tuning the application for better performance.\n',1,237),(170,'Continuous Deployment Setup','2024-07-07 18:20:00','Setting up continuous deployment pipelines.',1,202),(171,'JavaScript Framework Comparison','2024-09-03 15:17:00','Comparing various JavaScript frameworks for the project.',1,10),(172,'AI/ML Implementation','2024-10-15 15:18:00','Discussing the implementation of AI/ML algorithms.',1,12),(173,'Docker and Kubernetes Workshop','2024-07-26 15:18:00','Hands-on workshop on containerization and orchestration.',1,7),(174,'Legacy Code Maintenance','2024-07-10 17:19:00','Working on maintaining and updating legacy code.',1,202),(175,'Blockchain Development','2024-07-05 14:17:00','Exploring blockchain technology for a new project.',1,14),(176,'API Security Audit','2024-07-19 13:16:00','Conducting a security audit of all APIs.',1,3),(177,'Scrum Master Training','2024-07-22 18:22:00','Training session for aspiring Scrum Masters.',1,12),(178,'Web Accessibility Review','2024-08-07 16:21:00','Ensuring web accessibility standards are met.',1,5),(179,'Cross-Functional Team Meeting','2024-08-16 17:21:00','Meeting with cross-functional teams to discuss project alignment.',1,235),(180,'Machine Learning Model Training','2024-07-31 17:24:00','Training new machine learning models with updated datasets.',1,2),(181,'Server Maintenance','2024-10-12 15:21:00','Scheduled maintenance for server updates and backups.',1,206),(182,'Server Maintenance','2024-06-24 16:25:00','Scheduled maintenance for server updates and backups.',2,216),(183,'Codebase Cleanup','2024-06-24 18:28:00','Removing obsolete code and organizing the codebase.',2,52),(184,'API Documentation Update','2024-06-26 17:26:00','Updating the API documentation to reflect recent changes.',2,53),(185,'Version Control Strategy Meeting','2024-06-24 17:32:00','Discussing version control strategies and best practices\n',2,53),(186,'Continuous Monitoring Setup','2024-06-28 17:33:00','Setting up continuous monitoring for system performance.',2,72),(187,'Code Quality Assessment','2024-07-01 14:29:00','Assessing the code quality and implementing improvements.',2,220),(188,'Feature Flag Implementation','2024-07-04 19:36:00','Implementing feature flags for easier feature toggling.',2,73),(189,'Performance Benchmarking','2024-07-06 14:30:00','Benchmarking application performance under different loads.',2,70),(190,'Localization and Internationalization','2024-07-05 16:33:00','Adapting the application for different languages and regions.',2,217),(191,'Unit Testing Workshop','2024-06-28 16:33:00','Workshop on writing effective unit tests.',2,221),(192,'Agile Sprint Review','2024-07-09 17:34:00','Reviewing the completed sprint and gathering feedback.',2,217),(193,'Data Migration Plan','2024-07-25 21:33:00','Planning the migration of data from legacy systems.',2,59),(194,'Software Licensing Audit','2024-07-09 16:34:00','Conducting an audit of all software licenses.',2,63),(195,'GraphQL Integration','2024-07-26 15:32:00','Integrating GraphQL into the existing API structure.',2,213),(196,'User Acceptance Testing (UAT)','2024-07-17 16:38:00','Conducting UAT with end users to ensure the system meets requirements.',2,67),(197,'Software Architecture Review','2024-08-27 18:40:00','Reviewing and refining the software architecture.',2,54),(198,'Server Load Testing','2024-07-24 18:43:00','Performing load testing on servers to ensure stability under high traffic.',2,66),(199,'Code Merge Review','2024-09-09 12:40:00','Reviewing and merging code from different branches.',2,54),(200,'Python Script Optimization','2024-10-29 14:39:00','Optimizing Python scripts for better performance.',2,61),(201,'REST API Development','2024-08-31 02:39:00','Developing new RESTful APIs for the application.',2,54),(202,'Bug Bash','2024-09-25 18:44:00','ntensive session to identify and fix as many bugs as possible.',2,68),(203,'Scrum Standup Meeting','2024-10-09 16:42:00','Daily standup meeting to discuss progress and blockers.',2,73),(204,'Microservices Architecture Discussion','2024-12-03 15:42:00','Discussing the design and implementation of microservices.',2,68),(205,'Full-Stack Development Training','2025-01-21 12:39:00','Training session on full-stack development techniques.',2,67),(206,'Code Security Audit','2024-07-23 15:41:00','Conducting a security audit on the codebase.',2,63),(208,'Technical Debt Assessment','2024-08-19 15:42:00','Assessing and planning to reduce technical debt in the project.',2,61),(209,'Release Planning Meeting','2024-08-06 16:45:00','Planning the next software release and its features.',2,63),(210,'Version Control Best Practices','2024-09-12 13:46:00','Workshop on best practices for using version control systems.',2,52),(211,'Cross-Browser Compatibility Testing','2024-08-09 15:45:00','Testing the application on different web browsers for compatibility.',2,220),(212,'Software Patent Application','2024-09-04 15:45:00','Preparing and submitting a software patent application.',2,213),(213,'Interactive Prototype Development','2024-08-26 18:49:00','Developing an interactive prototype for a new feature.',2,66),(214,'Remote Development Workshop','2024-09-27 17:49:00','Workshop on best practices for remote development',2,213),(215,'Web Performance Optimization','2024-09-11 15:50:00','Optimizing the web application\'s performance.',2,59),(216,'Code Coverage Analysis','2024-09-20 18:54:00','Analyzing code coverage to ensure comprehensive testing.',2,67),(217,'Automated Testing Setup','2024-08-23 17:53:00','Setting up automated tests for continuous integration.',2,61),(218,'Automated Testing Setup','2024-09-27 17:56:00','Setting up automated tests for continuous integration.',2,61),(219,'Design Patterns Workshop','2024-10-16 16:57:00','Learning and implementing software design patterns.',2,212),(220,'Build and Deployment Automation','2024-11-27 17:57:00','Automating the build and deployment process.',2,66),(221,'Legacy System Integration','2024-10-18 16:56:00','Integrating new features with legacy systems.',2,217),(222,'Dependency Injection Implementation','2024-11-25 12:53:00','Implementing dependency injection in the application.',2,53),(223,'Real-Time Data Processing','2024-11-15 17:56:00','Setting up real-time data processing pipelines.',2,219),(224,'Code Obfuscation Techniques','2024-11-12 17:53:00','Implementing code obfuscation for security.',2,213),(225,'Software Internationalization','2024-12-11 15:56:00','Adapting software for international markets.',2,212),(226,'Containerization Best Practices','2024-12-09 13:56:00','Learning best practices for containerization with Docker.',2,53),(227,'Event-Driven Architecture','2024-12-19 15:59:00','Designing and implementing event-driven systems.',2,66),(228,'API Rate Limiting Strategies','2024-12-13 15:59:00','Implementing rate limiting for APIs.',2,70),(229,'DevSecOps Integration','2024-11-08 12:55:00','Integrating security practices into DevOps workflows.',2,72),(230,'Progressive Web App Development','2024-10-22 16:00:00','Developing a progressive web application.',2,220),(231,'Software Licensing Workshop','2024-10-25 17:01:00','Understanding and managing software licenses.',2,217),(232,'Blockchain Workshop','2024-12-20 13:00:00','Learning about blockchain technology and its applications.',2,52),(233,'Continuous Delivery Pipeline Setup','2024-08-26 17:01:00','Setting up a continuous delivery pipeline.',2,221),(234,'Event Sourcing Workshop','2024-09-17 18:10:00','Exploring event sourcing patterns and practices.',2,212),(252,' Mobile Backend as a Service (MBaaS)','2024-07-30 01:30:00','Using MBaaS for rapid mobile app development.',2,53),(302,'Mobile Backend as a Service (MBaaS)','2024-09-06 22:05:00','Using MBaaS for rapid mobile app development.',2,220);
/*!40000 ALTER TABLE `events` ENABLE KEYS */;
UNLOCK TABLES;

--
-- Table structure for table `events_seq`
--

DROP TABLE IF EXISTS `events_seq`;
/*!40101 SET @saved_cs_client     = @@character_set_client */;
/*!50503 SET character_set_client = utf8mb4 */;
CREATE TABLE `events_seq` (
  `next_val` bigint DEFAULT NULL
) ENGINE=InnoDB DEFAULT CHARSET=utf8mb4 COLLATE=utf8mb4_0900_ai_ci;
/*!40101 SET character_set_client = @saved_cs_client */;

--
-- Dumping data for table `events_seq`
--

LOCK TABLES `events_seq` WRITE;
/*!40000 ALTER TABLE `events_seq` DISABLE KEYS */;
INSERT INTO `events_seq` VALUES (401);
/*!40000 ALTER TABLE `events_seq` ENABLE KEYS */;
UNLOCK TABLES;

--
-- Table structure for table `users`
--

DROP TABLE IF EXISTS `users`;
/*!40101 SET @saved_cs_client     = @@character_set_client */;
/*!50503 SET character_set_client = utf8mb4 */;
CREATE TABLE `users` (
  `user_id` int NOT NULL AUTO_INCREMENT,
  `name` varchar(50) NOT NULL,
  `email` varchar(50) NOT NULL,
  `password` varchar(100) NOT NULL,
  `role` varchar(20) DEFAULT NULL,
  `enabled` tinyint(1) DEFAULT NULL,
  `image_url` varchar(255) DEFAULT NULL,
  `about` text,
  `validated` int DEFAULT NULL,
  `secret_question` varchar(255) DEFAULT NULL,
  `secret_answer` varchar(255) DEFAULT NULL,
  `username` varchar(255) DEFAULT NULL,
  PRIMARY KEY (`user_id`),
  UNIQUE KEY `email` (`email`),
  UNIQUE KEY `UK_r43af9ap4edm43mmtq01oddj6` (`username`)
) ENGINE=InnoDB AUTO_INCREMENT=33 DEFAULT CHARSET=utf8mb4 COLLATE=utf8mb4_0900_ai_ci;
/*!40101 SET character_set_client = @saved_cs_client */;

--
-- Dumping data for table `users`
--

LOCK TABLES `users` WRITE;
/*!40000 ALTER TABLE `users` DISABLE KEYS */;
INSERT INTO `users` VALUES (1,'Administrator','admin@example.com','$2a$10$2XyzIrmRKOe4fHQDwdaXyuI9QMKr2w1cjhyDwsH863cDSoazOmPJK','ROLE_ADMIN',1,'admin.jpg','Coding Factory 5-AUEB',NULL,NULL,NULL,'admin'),(2,'MICHAIL PAPANIKOLAS','papanikprofessional@hotmail.com','$2a$10$fXNKSTEjkDfXl1ZT7DRpGuFAc7Hq4RwKDZGX3li7Jq1Wwd73CElou','ROLE_USER',1,'08511 (2).jpeg','Coding Factory 5',1,'What was the name of your first stuffed animal?','$2a$10$qrMHrPdkft3gRb./6T8pSeZ/M7UzoSo4ux8Tqz1hNT3NdoTm2PD2y',NULL),(3,'Dimitris Laou','jimmys1995@gmail.com','$2a$10$cCAqQ6PraqI/wt4xn1HExuaq261NLj3ZNl8PSlISsfZlqNR9iQO6y','ROLE_USER',1,'default.webp','CF',1,'In what city or town did your mother and father meet?','$2a$10$Yhe3Q5y44iwnrVsZnEpCo.d9JCaIUadEqNCscjilsIcGgDBxwo9pG',NULL),(4,'Mike Papanik','mpapanik1994@gmail.com','$2a$10$yPYnA2s0skQO30K/rHpVKuoU9z55IPXdQPv.9uj0rJUoYBKAjh.qG','ROLE_USER',1,'default.webp','CF5',1,'What was the first exam you failed?','$2a$10$JjVBYpxUVuXnAYU7ml9oRObZfGGI0iPUz0SRsPZnamBZko27s9Zza',NULL),(5,'Nitsa Papadimitriou','nitsapapa2009@hotmail.com','$2a$10$/Z6VVzSWFhe86NepVozc..qrW6vJLO4hVQRl15IH5AotTvgvPRv2O','ROLE_USER',1,'default.webp','Hello World',1,'What was the name of your first stuffed animal?','$2a$10$6ch9AU4FVGgztjnumHU0FeORzzgT22XZBLSezXd4XEtvkhQ9Qjygm',NULL),(6,'Simos Stergou','simos@hotmail.com','$2a$10$2mKziI6APv79PMIMFJtrfehdWvYxWo31wDbIP6FMrZlcbIGzmVyEi','ROLE_USER',1,'default.webp','I am from Greece.',1,'What is the name of your favorite teacher?','$2a$10$vOYx.r2yoRjK2w1vhvi2g.urrfwKixkdLqTXLY0CsgcHeJ2GjTg7u',NULL),(7,'Giannis Sakelariou','giannissak@gmail.com','$2a$10$earhMiQ7xp1tED63bcrIOevs9YqybMJB/7fksbcr49aF.5gdqQNDG','ROLE_USER',1,'default.webp','Nice to meet you',1,'In what city or town did your mother and father meet?','$2a$10$zKDvfraFmiTEeEotkU0IIOmJsCZp54LNC.VoLySEYklwn73xcybw2',NULL),(8,'Antonis Manikis','antman@gmail.com','$2a$10$ueN0mT8PvEqP03RCQWAXneC9G6ZKU.Sv0IDC6hN3IqV5yYlQJGrIC','ROLE_USER',1,'default.webp','Hello i am Manager',1,'What is the name of your favorite teacher?','$2a$10$fRLLRKZ20Y8slKh/HZG5Z.WMBuTyKgikFPaCEdYnx8tM6EYqgWhBS',NULL),(9,'Nikos Papageo','nikospapageo@gmail.com','$2a$10$LN1cQqndJQ7q9GsxAilGAOnwbaD1QCSFL3CK81R3MgJ.qHaNFoJju','ROLE_USER',1,'default.webp','I play tennis.',1,'In what city or town did your mother and father meet?','$2a$10$iuapa7/uV2oD27.aNSpmWeth.zWc6lEbuCzoB6Nh6uyuwXYb5AX1u',NULL),(10,'Alexia Angelidi','alexangelidi2017@hotmail.com','$2a$10$SNkpyClIbvNiYjQX6uIy0edW.8KKOBaeFJm487Eh.rc/l09fwJEmu','ROLE_USER',1,'default.webp','Psychologist',1,'What was the first exam you failed?','$2a$10$4GUgdtNHk/KLjY/ohEf3XOK8TYaRnptCrBVgSIHRDu6XiuaCMh8bS',NULL),(11,'Giwta Iwannidou','iwannaiwn@hotmail.com','$2a$10$PSUqjrP1X52TnVMdL4BouOk9En4wNi0P8Q/H1HXKMtJXHdRbv02YK','ROLE_USER',1,'default.webp','I am a school teacher',1,'What is the name of your favorite teacher?','$2a$10$.AVLUAOgQRZGGIXZLNHzj./.2zMnkOd8bhNxc0X9gqYBGLvMswDaK',NULL),(12,'Spiros Papanikolas','spirospapanik@gmail.com','$2a$10$wPxh2k57Lls7kyA8WsLVSO2SE2a1iH9l94I91TL8GCXPP26HQcwQ6','ROLE_USER',1,'default.webp','Hello my name is Spiros',1,'In what city or town did your mother and father meet?','$2a$10$1VpsDpteqIqzG6oTdg1GO.RPtAOWfPtIXqaEPbFczoA5hJv8KWCda',NULL),(13,'Maria Bolonaki','mariabol@hotmail.com','$2a$10$jwDoAZgfbr9iPnlNHyWl7es/.VKUtzuP2/PEGK1SyB5WYht50p026','ROLE_USER',1,'default.webp','Data scientist',1,'What was the first exam you failed?','$2a$10$.0gzR6Novc20m/slfTDQ.Oovr9RDPPZpUZnDmeZ.ldIN088lY4pRu',NULL),(14,'Maria Vasileiou','maria.vasileiou@example.com','$2a$10$ip4h6kKJGi/orQ0YRA7RlOq0Z2JMdky5A/OunkzKj96g.cqanbbGa','ROLE_USER',1,'default.webp','Digital marketer',1,'What was the first exam you failed?','$2a$10$FnfXzD73j8F4nHqRKO3UdeqD6usGZf0KmO3sTUhjJ64sCe6SctGIi',NULL),(15,'Giorgos Papadakis','giorgos.papadakis@example.com','$2a$10$5im4w4K6NLC.plnnnunfPesLMftUTd/SpxYPnBwQBbbuO0EBzHgT2','ROLE_USER',1,'default.webp','Network security',1,'What is the name of your favorite teacher?','$2a$10$6sMfZYmcUjTKbjv0PV3v2eX1WG5o16Em83ep6EpBaUxg9vG3saB52',NULL),(16,'Dimitris Nikolaidis','dimitris.nikolaidis@hotmail.com','$2a$10$Pzt.a4WJ27eQMFoOzO4fhOvBoBHZHHmOH42m8yTE5DVfCmSrpPtQi','ROLE_USER',1,'default.webp','Mobile app developer',1,'What was the name of your first stuffed animal?','$2a$10$N0PaTX.8/1xemoJVXGNaRub6AcP2FbqU4uFA8MCc2eOUuOW0XUw7a',NULL),(17,'Christina Deli','christina.deli@example.com','$2a$10$Bk42Lm5ggQvuGWBDVMT1ZOwZuu.5QCwHrDyivHx4RNV9u9yTilXDe','ROLE_USER',1,'default.webp','Graphic designer',1,'What was the name of your first stuffed animal?','$2a$10$IGX5Jr/tE2VVmAf3lHGv3OjHRgQED7Q7JSUKtwSJVNbw0.uGFkHKa',NULL),(18,'Eleni Papadimitriou','eleni.papadimitriou@example.com','$2a$10$zPyuIoo0HvWGdaTflkilgujUulGBRhStOZiWzS.OGsk4F3KLi.uau','ROLE_USER',1,'default.webp','Content manager',1,'What was the first exam you failed?','$2a$10$1emkJTWw2ltkWXJHw8PKyeht32uMF/62mUBFsVZdt/6YtBGDaWkR2',NULL),(19,'Maria Konstantinou','maria.konstantinou@example.com','$2a$10$l/t14wrlc5gqYmPPwpOxRO/nd6p1wwD/Ns2VqaMaeWl3rqzz6Pcby','ROLE_USER',1,'default.webp','Marketing manager',1,'What was the name of your first stuffed animal?','$2a$10$ZaHAHr6AY8LCObMUeLNQ7eMiBBzUGoRK/Ff2n6EmJKpTFPsRVSFlW',NULL),(25,'Manolis Fam','manfam@gmail.com','$2a$10$IqkfPWEnVcbMpLTcn9oe0.Hol.KhRoHGjaBZbiQM0X/PXtOLPKe06','ROLE_USER',1,'default.webp','Hello my friends',1,'What was the first exam you failed?','$2a$10$D9ddeP793Fzyqt4OVQZz6e/tICLDWBXpVr9e39JXR6MfkKvb0cclG',NULL),(26,'Nikos xar','nikxar@gmail.com','$2a$10$IJY29X9FmmUB8g2XE546E.gqEXCnAFdX3c6H23hccA9hFCFmr0HUm','ROLE_USER',1,'default.webp','Business Analyst',1,'What is the name of your favorite teacher?','$2a$10$TlvcrjdJmDeHvJtVRPnUluR3iATFonwKJsiBQDzTIFU0pYl4FScki',NULL),(27,'Xristos Xristou','chris1239@gmail.com','$2a$10$88oK3qH9RgZAy2M6aEu5BOunFqdlPU279eYKnP/GXso9KkAXcurHu','ROLE_USER',1,'default.webp','Pilot',1,'In what city or town did your mother and father meet?','$2a$10$u8XhINohpZs/1UFGkCE9LOn0KBPKThvnv4LDk0aaUqVg3a39Jd.r.',NULL),(28,'Iwanna gewrgiou','iwanngeorgio@gmail.com','$2a$10$3qMuTgeoJCS9ONu4XCvMcuDM6FYOLB9OqV6zKHOCluw.7jeOqkIQK','ROLE_USER',1,'default.webp','Manager',1,'What was the name of your first stuffed animal?','$2a$10$Fwqy/hUQhd8AFByK9NBm7.SAAJU8FA/bcplTRmEdp8XOuynpxng7G',NULL),(29,'Sofia Souranis','sofiasour@gmail.com','$2a$10$UKPRK69E2xTMQMfKo4Pk8.aWB6/PY.suVnOefpV5L1f/hzcwNz/9q','ROLE_USER',1,'default.webp','I live in Greece',1,'In what city or town did your mother and father meet?','$2a$10$vL1q9Vor9R5NSG/O6n1UMu02VIU.KJTNctBiKyAhGQqtn1YkMlGTO',NULL),(32,'Giorgos Athanasiou','giorgosathana@gmail.com','$2a$10$X54Oecdfiv5LtfeDgRQ/aOtQxps6FjGStmuT/pnGqJUwmvwwZ31ny','ROLE_USER',1,'default.webp','System Analyst',1,'What is the name of your favorite teacher?','$2a$10$tb3KG9kuQmpeRVgzGke98ulxwbTCms1cnFCmV5cXFNkB1CAa2s/KO',NULL);
/*!40000 ALTER TABLE `users` ENABLE KEYS */;
UNLOCK TABLES;

--
-- Table structure for table `users_seq`
--

DROP TABLE IF EXISTS `users_seq`;
/*!40101 SET @saved_cs_client     = @@character_set_client */;
/*!50503 SET character_set_client = utf8mb4 */;
CREATE TABLE `users_seq` (
  `next_val` bigint DEFAULT NULL
) ENGINE=InnoDB DEFAULT CHARSET=utf8mb4 COLLATE=utf8mb4_0900_ai_ci;
/*!40101 SET character_set_client = @saved_cs_client */;

--
-- Dumping data for table `users_seq`
--

LOCK TABLES `users_seq` WRITE;
/*!40000 ALTER TABLE `users_seq` DISABLE KEYS */;
INSERT INTO `users_seq` VALUES (101);
/*!40000 ALTER TABLE `users_seq` ENABLE KEYS */;
UNLOCK TABLES;
/*!40103 SET TIME_ZONE=@OLD_TIME_ZONE */;

/*!40101 SET SQL_MODE=@OLD_SQL_MODE */;
/*!40014 SET FOREIGN_KEY_CHECKS=@OLD_FOREIGN_KEY_CHECKS */;
/*!40014 SET UNIQUE_CHECKS=@OLD_UNIQUE_CHECKS */;
/*!40101 SET CHARACTER_SET_CLIENT=@OLD_CHARACTER_SET_CLIENT */;
/*!40101 SET CHARACTER_SET_RESULTS=@OLD_CHARACTER_SET_RESULTS */;
/*!40101 SET COLLATION_CONNECTION=@OLD_COLLATION_CONNECTION */;
/*!40111 SET SQL_NOTES=@OLD_SQL_NOTES */;

-- Dump completed on 2024-06-24 13:23:36
